zeno,kinect
A_2014-12-08_P004_Post_NC_A,2014-12-08_P004_Post_000
A_2014-12-08_P004_Post_NC_DT3s,2014-12-08_P004_Post_001
A_2014-12-08_P004_Post_NC_DT7s,2014-12-08_P004_Post_004
A_2014-12-08_P004_Pre_NC_A,2014-12-08_P004_Pre_000
A_2014-12-08_P004_Pre_NC_DT3s,2014-12-08_P004_Pre_003
A_2014-12-08_P004_Pre_NC_DT7s,2014-12-08_P004_Pre_004
A_2014-12-08_P006_Post_NC_A,2014-12-08_P006_Post_000
A_2014-12-08_P006_Post_NC_DT3s,2014-12-08_P006_Post_002
A_2014-12-08_P006_Post_NC_DT7s,2014-12-08_P006_Post_003
A_2014-12-08_P006_Pre_NC_A,2014-12-08_P006_Pre_000
A_2014-12-08_P006_Pre_NC_DT3s,2014-12-08_P006_Pre_002
A_2014-12-08_P006_Pre_NC_DT7s,2014-12-08_P006_Pre_001
A_2014-12-08_P006_Pre_NC_DTABCs,2014-12-08_P006_Pre_003
A_2014-12-08_P007_Post_NC_A,2014-12-08_P007_Post_000
A_2014-12-08_P007_Post_NC_DT3s,2014-12-08_P007_Post_002
A_2014-12-08_P007_Post_NC_DT7s,2014-12-08_P007_Post_003
B_2014-12-16_P005_Post_tc_A,2014-12-16_P005_Post_001
B_2014-12-16_P005_Post_tc_dt3,2014-12-16_P005_Post_002
B_2014-12-16_P005_Post_tc_dt7,2014-12-16_P005_Post_005
B_2014-12-16_P005_Post_tc_dtacb,2014-12-16_P005_Post_004
B_2014-12-16_P005_Pre_tc_A,2014-12-16_P005_Pre_000
B_2014-12-16_P005_Pre_tc_dt3,2014-12-16_P005_Pre_003
B_2014-12-16_P005_Pre_tc_dt7,2014-12-16_P005_Pre_001
B_2014-12-16_P005_Pre_tc_dtabc,2014-12-16_P005_Pre_002
B_2014-12-16_P007_Post_tc_A,2014-12-16_P007_Post_007
B_2014-12-16_P007_Post_tc_dt3,2014-12-16_P007_Post_008
B_2014-12-16_P007_Post_tc_dt7,2014-12-16_P007_Post_009
B_2014-12-16_P007_Post_tc_dtacb,2014-12-16_P007_Post_010
B_2014-12-16_P007_Pre_tc_A,2014-12-16_P007_Pre_000
B_2014-12-16_P007_Pre_tc_dt3,2014-12-16_P007_Pre_003
B_2014-12-16_P007_Pre_tc_dt7,2014-12-16_P007_Pre_002
B_2014-12-16_P007_Pre_tc_dtabc,2014-12-16_P007_Pre_001
B_2014-12-22_P005_Post_tw_A,2014-12-22_P005_Post_000
B_2014-12-22_P005_Post_tw_C,2014-12-22_P005_Post_001
B_2014-12-22_P005_Post_tw_D,2014-12-22_P005_Post_003
B_2014-12-22_P005_Pre_tw_A,2014-12-22_P005_Pre_000
B_2014-12-22_P005_Pre_tw_C,2014-12-22_P005_Pre_003
B_2014-12-22_P005_Pre_tw_D,2014-12-22_P005_Pre_002
B_2014-12-22_P006_Post_nw_A,2014-12-22_P006_Post_000
B_2014-12-22_P006_Post_nw_C,2014-12-22_P006_Post_003
B_2014-12-22_P006_Post_nw_D,2014-12-22_P006_Post_002
B_2014-12-22_P006_Pre_nw_A,2014-12-22_P006_Pre_000
B_2014-12-22_P006_Pre_nw_B,2014-12-22_P006_Pre_003
B_2014-12-22_P006_Pre_nw_C,2014-12-22_P006_Pre_001
B_2014-12-22_P006_Pre_nw_D,2014-12-22_P006_Pre_002
B_2014-12-22_P007_Post_tw_A,2014-12-22_P007_Post_000
B_2014-12-22_P007_Post_tw_C,2014-12-22_P007_Post_001
B_2014-12-22_P007_Post_tw_D,2014-12-22_P007_Post_002
B_2014-12-22_P007_Pre_tw_A,2014-12-22_P007_Pre_000
B_2014-12-22_P007_Pre_tw_B,2014-12-22_P007_Pre_001
B_2014-12-22_P007_Pre_tw_C,2014-12-22_P007_Pre_004
B_2014-12-22_P007_Pre_tw_D,2014-12-22_P007_Pre_003
